{
  "project_info": {
    "project_number": "659620981320",
    "firebase_url": "https://business-standard-a4c35.firebaseio.com",
    "project_id": "business-standard-a4c35",
    "storage_bucket": "business-standard-a4c35.appspot.com"
  },
  "client": [
    {
      "client_info": {
        "mobilesdk_app_id": "1:659620981320:android:a3abe3cba49fad0f",
        "android_client_info": {
          "package_name": "com.businessstandard"
        }
      },
      "oauth_client": [
        {
          "client_id": "659620981320-lkl4c5l4h860lhjsb3aa592urs77gb66.apps.googleusercontent.com",
          "client_type": 3
        }
      ],
      "api_key": [
        {
          "current_key": "AIzaSyDPDcB4LlZD2difB0LLy5XrIrUWompwPio"
        }
      ],
      "services": {
        "analytics_service": {
          "status": 1
        },
        "appinvite_service": {
          "status": 1,
          "other_platform_oauth_client": []
        },
        "ads_service": {
          "status": 2
        }
      }
    }
  ],
  "configuration_version": "1"
}